sl_no,patient_id,pcos,beta_hcg_1,beta_hcg_2,amh
1,P001,0,1.2,1.5,2.1
2,P002,0,1.8,1.6,2.4
3,P003,0,0.9,1.1,1.8
4,P004,0,1.5,1.4,2.3
5,P005,0,2.0,1.9,2.8
6,P006,0,1.3,1.2,2.0
7,P007,0,1.7,1.8,2.5
8,P008,0,0.8,0.9,1.7
9,P009,0,1.4,1.3,2.2
10,P010,0,1.9,2.0,2.7
11,P011,0,1.1,1.0,1.9
12,P012,0,1.6,1.5,2.4
13,P013,0,2.1,2.2,2.9
14,P014,0,1.2,1.3,2.0
15,P015,0,1.8,1.7,2.6
16,P016,1,3.5,3.8,5.2
17,P017,1,4.1,4.3,5.8
18,P018,1,3.8,4.0,5.5
19,P019,1,4.5,4.7,6.2
20,P020,1,3.2,3.4,4.9
21,P021,1,4.3,4.5,6.0
22,P022,1,3.6,3.9,5.3
23,P023,1,4.2,4.4,5.9
24,P024,1,3.9,4.1,5.6
25,P025,1,4.4,4.6,6.1
26,P026,0,1.4,1.2,2.1
27,P027,0,1.9,1.8,2.6
28,P028,0,1.0,1.1,1.8
29,P029,0,1.5,1.3,2.2
30,P030,0,2.0,2.1,2.8
31,P031,1,3.7,3.9,5.4
32,P032,1,4.0,4.2,5.7
33,P033,1,3.3,3.5,5.0
34,P034,1,4.4,4.6,6.0
35,P035,1,3.5,3.7,5.2
36,P036,0,1.3,1.1,1.9
37,P037,0,1.7,1.6,2.5
38,P038,0,0.9,1.0,1.7
39,P039,0,1.6,1.4,2.3
40,P040,0,2.1,2.2,2.9
41,P041,1,3.8,4.0,5.5
42,P042,1,4.3,4.5,6.0
43,P043,1,3.4,3.6,5.1
44,P044,1,4.5,4.7,6.2
45,P045,1,3.6,3.8,5.3
46,P046,0,1.4,1.3,2.2
47,P047,0,1.8,1.7,2.6
48,P048,0,1.1,1.2,1.9
49,P049,0,1.5,1.4,2.3
50,P050,0,1.9,2.0,2.7
51,P051,1,3.9,4.1,5.6
52,P052,1,4.2,4.4,5.9
53,P053,1,3.5,3.7,5.2
54,P054,1,4.4,4.6,6.1
55,P055,1,3.7,3.9,5.4
56,P056,0,1.2,1.1,1.8
57,P057,0,1.6,1.5,2.4
58,P058,0,0.8,0.9,1.7
59,P059,0,1.7,1.8,2.5
60,P060,0,2.0,2.1,2.8
61,P061,1,3.6,3.8,5.3
62,P062,1,4.1,4.3,5.8
63,P063,1,3.8,4.0,5.5
64,P064,1,4.6,4.8,6.3
65,P065,1,3.3,3.5,5.0
66,P066,0,1.3,1.2,2.0
67,P067,0,1.7,1.6,2.5
68,P068,0,0.9,1.0,1.8
69,P069,0,1.4,1.3,2.1
70,P070,0,2.1,2.2,2.9
71,P071,1,3.9,4.1,5.6
72,P072,1,4.4,4.6,6.1
73,P073,1,3.6,3.8,5.3
74,P074,1,4.3,4.5,5.9
75,P075,1,3.8,4.0,5.5
76,P076,0,1.5,1.4,2.2
77,P077,0,1.9,1.8,2.6
78,P078,0,1.0,1.1,1.8
79,P079,0,1.6,1.5,2.4
80,P080,0,2.2,2.3,3.0
81,P081,1,3.7,3.9,5.4
82,P082,1,4.2,4.4,5.9
83,P083,1,3.4,3.6,5.1
84,P084,1,4.5,4.7,6.2
85,P085,1,3.5,3.7,5.2
86,P086,0,1.4,1.3,2.1
87,P087,0,1.8,1.7,2.6
88,P088,0,1.1,1.2,1.9
89,P089,0,1.5,1.4,2.2
90,P090,0,2.0,2.1,2.8
91,P091,1,3.8,4.0,5.5
92,P092,1,4.3,4.5,6.0
93,P093,1,3.5,3.7,5.2
94,P094,1,4.4,4.6,6.1
95,P095,1,3.6,3.8,5.3
96,P096,0,1.3,1.1,1.9
97,P097,0,1.7,1.6,2.5
98,P098,0,0.9,1.0,1.7
99,P099,0,1.6,1.4,2.3
100,P100,0,2.1,2.2,2.9
101,P101,1,3.9,4.1,5.6
102,P102,1,4.4,4.6,6.1
103,P103,1,3.6,3.8,5.3
104,P104,1,4.3,4.5,5.9
105,P105,1,3.8,4.0,5.5
106,P106,0,1.4,1.3,2.2
107,P107,0,1.8,1.7,2.6
108,P108,0,1.1,1.2,1.9
109,P109,0,1.5,1.4,2.3
110,P110,0,1.9,2.0,2.7
111,P111,1,3.7,3.9,5.4
112,P112,1,4.2,4.4,5.9
113,P113,1,3.4,3.6,5.1
114,P114,1,4.5,4.7,6.2
115,P115,1,3.5,3.7,5.2
116,P116,0,1.2,1.1,1.8
117,P117,0,1.6,1.5,2.4
118,P118,0,0.8,0.9,1.7
119,P119,0,1.7,1.8,2.5
120,P120,0,2.0,2.1,2.8
121,P121,1,3.6,3.8,5.3
122,P122,1,4.1,4.3,5.8
123,P123,1,3.8,4.0,5.5
124,P124,1,4.6,4.8,6.3
125,P125,1,3.3,3.5,5.0
126,P126,0,1.3,1.2,2.0
127,P127,0,1.7,1.6,2.5
128,P128,0,0.9,1.0,1.8
129,P129,0,1.4,1.3,2.1
130,P130,0,2.1,2.2,2.9
131,P131,1,3.9,4.1,5.6
132,P132,1,4.4,4.6,6.1
133,P133,1,3.6,3.8,5.3
134,P134,1,4.3,4.5,5.9
135,P135,1,3.8,4.0,5.5
136,P136,0,1.5,1.4,2.2
137,P137,0,1.9,1.8,2.6
138,P138,0,1.0,1.1,1.8
139,P139,0,1.6,1.5,2.4
140,P140,0,2.2,2.3,3.0
141,P141,1,3.7,3.9,5.4
142,P142,1,4.2,4.4,5.9
143,P143,1,3.4,3.6,5.1
144,P144,1,4.5,4.7,6.2
145,P145,1,3.5,3.7,5.2
146,P146,0,1.4,1.3,2.1
147,P147,0,1.8,1.7,2.6
148,P148,0,1.1,1.2,1.9
149,P149,0,1.5,1.4,2.2
150,P150,0,2.0,2.1,2.8
151,P151,1,3.8,4.0,5.5
152,P152,1,4.3,4.5,6.0
153,P153,1,3.5,3.7,5.2
154,P154,1,4.4,4.6,6.1
155,P155,1,3.6,3.8,5.3
156,P156,0,1.3,1.1,1.9
157,P157,0,1.7,1.6,2.5
158,P158,0,0.9,1.0,1.7
159,P159,0,1.6,1.4,2.3
160,P160,0,2.1,2.2,2.9
161,P161,1,3.9,4.1,5.6
162,P162,1,4.4,4.6,6.1
163,P163,1,3.6,3.8,5.3
164,P164,1,4.3,4.5,5.9
165,P165,1,3.8,4.0,5.5
166,P166,0,1.4,1.3,2.2
167,P167,0,1.8,1.7,2.6
168,P168,0,1.1,1.2,1.9
169,P169,0,1.5,1.4,2.3
170,P170,0,1.9,2.0,2.7
171,P171,1,3.7,3.9,5.4
172,P172,1,4.2,4.4,5.9
173,P173,1,3.4,3.6,5.1
174,P174,1,4.5,4.7,6.2
175,P175,1,3.5,3.7,5.2
176,P176,0,1.2,1.1,1.8
177,P177,0,1.6,1.5,2.4
178,P178,0,0.8,0.9,1.7
179,P179,0,1.7,1.8,2.5
180,P180,0,2.0,2.1,2.8
181,P181,1,3.6,3.8,5.3
182,P182,1,4.1,4.3,5.8
183,P183,1,3.8,4.0,5.5
184,P184,1,4.6,4.8,6.3
185,P185,1,3.3,3.5,5.0
186,P186,0,1.3,1.2,2.0
187,P187,0,1.7,1.6,2.5
188,P188,0,0.9,1.0,1.8
189,P189,0,1.4,1.3,2.1
190,P190,0,2.1,2.2,2.9
191,P191,1,3.9,4.1,5.6
192,P192,1,4.4,4.6,6.1
193,P193,1,3.6,3.8,5.3
194,P194,1,4.3,4.5,5.9
195,P195,1,3.8,4.0,5.5
196,P196,0,1.5,1.4,2.2
197,P197,0,1.9,1.8,2.6
198,P198,0,1.0,1.1,1.8
199,P199,0,1.6,1.5,2.4
200,P200,0,2.2,2.3,3.0
201,P201,1,3.7,3.9,5.4
202,P202,1,4.2,4.4,5.9
203,P203,1,3.4,3.6,5.1
204,P204,1,4.5,4.7,6.2
205,P205,1,3.5,3.7,5.2
206,P206,0,1.4,1.3,2.1
207,P207,0,1.8,1.7,2.6
208,P208,0,1.1,1.2,1.9
209,P209,0,1.5,1.4,2.2
210,P210,0,2.0,2.1,2.8
211,P211,1,3.8,4.0,5.5
212,P212,1,4.3,4.5,6.0
213,P213,1,3.5,3.7,5.2
214,P214,1,4.4,4.6,6.1
215,P215,1,3.6,3.8,5.3
216,P216,0,1.3,1.1,1.9
217,P217,0,1.7,1.6,2.5
218,P218,0,0.9,1.0,1.7
219,P219,0,1.6,1.4,2.3
220,P220,0,2.1,2.2,2.9
221,P221,1,3.9,4.1,5.6
222,P222,1,4.4,4.6,6.1
223,P223,1,3.6,3.8,5.3
224,P224,1,4.3,4.5,5.9
225,P225,1,3.8,4.0,5.5
226,P226,0,1.4,1.3,2.2
227,P227,0,1.8,1.7,2.6
228,P228,0,1.1,1.2,1.9
229,P229,0,1.5,1.4,2.3
230,P230,0,1.9,2.0,2.7
231,P231,1,3.7,3.9,5.4
232,P232,1,4.2,4.4,5.9
233,P233,1,3.4,3.6,5.1
234,P234,1,4.5,4.7,6.2
235,P235,1,3.5,3.7,5.2
236,P236,0,1.2,1.1,1.8
237,P237,0,1.6,1.5,2.4
238,P238,0,0.8,0.9,1.7
239,P239,0,1.7,1.8,2.5
240,P240,0,2.0,2.1,2.8
241,P241,1,3.6,3.8,5.3
242,P242,1,4.1,4.3,5.8
243,P243,1,3.8,4.0,5.5
244,P244,1,4.6,4.8,6.3
245,P245,1,3.3,3.5,5.0
246,P246,0,1.3,1.2,2.0
247,P247,0,1.7,1.6,2.5
248,P248,0,0.9,1.0,1.8
249,P249,0,1.4,1.3,2.1
250,P250,0,2.1,2.2,2.9
251,P251,1,3.9,4.1,5.6
252,P252,1,4.4,4.6,6.1
253,P253,1,3.6,3.8,5.3
254,P254,1,4.3,4.5,5.9
255,P255,1,3.8,4.0,5.5
256,P256,0,1.5,1.4,2.2
257,P257,0,1.9,1.8,2.6
258,P258,0,1.0,1.1,1.8
259,P259,0,1.6,1.5,2.4
260,P260,0,2.2,2.3,3.0
261,P261,1,3.7,3.9,5.4
262,P262,1,4.2,4.4,5.9
263,P263,1,3.4,3.6,5.1
264,P264,1,4.5,4.7,6.2
265,P265,1,3.5,3.7,5.2
266,P266,0,1.4,1.3,2.1
267,P267,0,1.8,1.7,2.6
268,P268,0,1.1,1.2,1.9
269,P269,0,1.5,1.4,2.2
270,P270,0,2.0,2.1,2.8
271,P271,1,3.8,4.0,5.5
272,P272,1,4.3,4.5,6.0
273,P273,1,3.5,3.7,5.2
274,P274,1,4.4,4.6,6.1
275,P275,1,3.6,3.8,5.3
276,P276,0,1.3,1.1,1.9
277,P277,0,1.7,1.6,2.5
278,P278,0,0.9,1.0,1.7
279,P279,0,1.6,1.4,2.3
280,P280,0,2.1,2.2,2.9
281,P281,1,3.9,4.1,5.6
282,P282,1,4.4,4.6,6.1
283,P283,1,3.6,3.8,5.3
284,P284,1,4.3,4.5,5.9
285,P285,1,3.8,4.0,5.5
286,P286,0,1.4,1.3,2.2
287,P287,0,1.8,1.7,2.6
288,P288,0,1.1,1.2,1.9
289,P289,0,1.5,1.4,2.3
290,P290,0,1.9,2.0,2.7
291,P291,1,3.7,3.9,5.4
292,P292,1,4.2,4.4,5.9
293,P293,1,3.4,3.6,5.1
294,P294,1,4.5,4.7,6.2
295,P295,1,3.5,3.7,5.2
296,P296,0,1.2,1.1,1.8
297,P297,0,1.6,1.5,2.4
298,P298,0,0.8,0.9,1.7
299,P299,0,1.7,1.8,2.5
300,P300,0,2.0,2.1,2.8
301,P301,1,3.6,3.8,5.3
302,P302,1,4.1,4.3,5.8
303,P303,1,3.8,4.0,5.5
304,P304,1,4.6,4.8,6.3
305,P305,1,3.3,3.5,5.0
306,P306,0,1.3,1.2,2.0
307,P307,0,1.7,1.6,2.5
308,P308,0,0.9,1.0,1.8
309,P309,0,1.4,1.3,2.1
310,P310,0,2.1,2.2,2.9
311,P311,1,3.9,4.1,5.6
312,P312,1,4.4,4.6,6.1
313,P313,1,3.6,3.8,5.3
314,P314,1,4.3,4.5,5.9
315,P315,1,3.8,4.0,5.5
316,P316,0,1.5,1.4,2.2
317,P317,0,1.9,1.8,2.6
318,P318,0,1.0,1.1,1.8
319,P319,0,1.6,1.5,2.4
320,P320,0,2.2,2.3,3.0
321,P321,1,3.7,3.9,5.4
322,P322,1,4.2,4.4,5.9
323,P323,1,3.4,3.6,5.1
324,P324,1,4.5,4.7,6.2
325,P325,1,3.5,3.7,5.2
326,P326,0,1.4,1.3,2.1
327,P327,0,1.8,1.7,2.6
328,P328,0,1.1,1.2,1.9
329,P329,0,1.5,1.4,2.2
330,P330,0,2.0,2.1,2.8
331,P331,1,3.8,4.0,5.5
332,P332,1,4.3,4.5,6.0
333,P333,1,3.5,3.7,5.2
334,P334,1,4.4,4.6,6.1
335,P335,1,3.6,3.8,5.3
336,P336,0,1.3,1.1,1.9
337,P337,0,1.7,1.6,2.5
338,P338,0,0.9,1.0,1.7
339,P339,0,1.6,1.4,2.3
340,P340,0,2.1,2.2,2.9
341,P341,1,3.9,4.1,5.6
342,P342,1,4.4,4.6,6.1
343,P343,1,3.6,3.8,5.3
344,P344,1,4.3,4.5,5.9
345,P345,1,3.8,4.0,5.5
346,P346,0,1.4,1.3,2.2
347,P347,0,1.8,1.7,2.6
348,P348,0,1.1,1.2,1.9
349,P349,0,1.5,1.4,2.3
350,P350,0,1.9,2.0,2.7
351,P351,1,3.7,3.9,5.4
352,P352,1,4.2,4.4,5.9
353,P353,1,3.4,3.6,5.1
354,P354,1,4.5,4.7,6.2
355,P355,1,3.5,3.7,5.2
356,P356,0,1.2,1.1,1.8
357,P357,0,1.6,1.5,2.4
358,P358,0,0.8,0.9,1.7
359,P359,0,1.7,1.8,2.5
360,P360,0,2.0,2.1,2.8
361,P361,1,3.6,3.8,5.3
362,P362,1,4.1,4.3,5.8
363,P363,1,3.8,4.0,5.5
364,P364,1,4.6,4.8,6.3
365,P365,1,3.3,3.5,5.0
366,P366,0,1.3,1.2,2.0
367,P367,0,1.7,1.6,2.5
368,P368,0,0.9,1.0,1.8
369,P369,0,1.4,1.3,2.1
370,P370,0,2.1,2.2,2.9
371,P371,1,3.9,4.1,5.6
372,P372,1,4.4,4.6,6.1
373,P373,1,3.6,3.8,5.3
374,P374,1,4.3,4.5,5.9
375,P375,1,3.8,4.0,5.5
376,P376,0,1.5,1.4,2.2
377,P377,0,1.9,1.8,2.6
378,P378,0,1.0,1.1,1.8
379,P379,0,1.6,1.5,2.4
380,P380,0,2.2,2.3,3.0
381,P381,1,3.7,3.9,5.4
382,P382,1,4.2,4.4,5.9
383,P383,1,3.4,3.6,5.1
384,P384,1,4.5,4.7,6.2
385,P385,1,3.5,3.7,5.2
386,P386,0,1.4,1.3,2.1
387,P387,0,1.8,1.7,2.6
388,P388,0,1.1,1.2,1.9
389,P389,0,1.5,1.4,2.2
390,P390,0,2.0,2.1,2.8
391,P391,1,3.8,4.0,5.5
392,P392,1,4.3,4.5,6.0
393,P393,1,3.5,3.7,5.2
394,P394,1,4.4,4.6,6.1
395,P395,1,3.6,3.8,5.3
396,P396,0,1.3,1.1,1.9
397,P397,0,1.7,1.6,2.5
398,P398,0,0.9,1.0,1.7
399,P399,0,1.6,1.4,2.3
400,P400,0,2.1,2.2,2.9
401,P401,1,3.9,4.1,5.6
402,P402,1,4.4,4.6,6.1
403,P403,1,3.6,3.8,5.3
404,P404,1,4.3,4.5,5.9
405,P405,1,3.8,4.0,5.5
406,P406,0,1.4,1.3,2.2
407,P407,0,1.8,1.7,2.6
408,P408,0,1.1,1.2,1.9
409,P409,0,1.5,1.4,2.3
410,P410,0,1.9,2.0,2.7
411,P411,1,3.7,3.9,5.4
412,P412,1,4.2,4.4,5.9
413,P413,1,3.4,3.6,5.1
414,P414,1,4.5,4.7,6.2
415,P415,1,3.5,3.7,5.2
416,P416,0,1.2,1.1,1.8
417,P417,0,1.6,1.5,2.4
418,P418,0,0.8,0.9,1.7
419,P419,0,1.7,1.8,2.5
420,P420,0,2.0,2.1,2.8
421,P421,1,3.6,3.8,5.3
422,P422,1,4.1,4.3,5.8
423,P423,1,3.8,4.0,5.5
424,P424,1,4.6,4.8,6.3
425,P425,1,3.3,3.5,5.0
426,P426,0,1.3,1.2,2.0
427,P427,0,1.7,1.6,2.5
428,P428,0,0.9,1.0,1.8
429,P429,0,1.4,1.3,2.1
430,P430,0,2.1,2.2,2.9
431,P431,1,3.9,4.1,5.6
432,P432,1,4.4,4.6,6.1
433,P433,1,3.6,3.8,5.3
434,P434,1,4.3,4.5,5.9
435,P435,1,3.8,4.0,5.5
436,P436,0,1.5,1.4,2.2
437,P437,0,1.9,1.8,2.6
438,P438,0,1.0,1.1,1.8
439,P439,0,1.6,1.5,2.4
440,P440,0,2.2,2.3,3.0
441,P441,1,3.7,3.9,5.4
442,P442,1,4.2,4.4,5.9
443,P443,1,3.4,3.6,5.1
444,P444,1,4.5,4.7,6.2
445,P445,1,3.5,3.7,5.2
446,P446,0,1.4,1.3,2.1
447,P447,0,1.8,1.7,2.6
448,P448,0,1.1,1.2,1.9
449,P449,0,1.5,1.4,2.2
450,P450,0,2.0,2.1,2.8
451,P451,1,3.8,4.0,5.5
452,P452,1,4.3,4.5,6.0
453,P453,1,3.5,3.7,5.2
454,P454,1,4.4,4.6,6.1
455,P455,1,3.6,3.8,5.3
456,P456,0,1.3,1.1,1.9
457,P457,0,1.7,1.6,2.5
458,P458,0,0.9,1.0,1.7
459,P459,0,1.6,1.4,2.3
460,P460,0,2.1,2.2,2.9
461,P461,1,3.9,4.1,5.6
462,P462,1,4.4,4.6,6.1
463,P463,1,3.6,3.8,5.3
464,P464,1,4.3,4.5,5.9
465,P465,1,3.8,4.0,5.5
466,P466,0,1.4,1.3,2.2
467,P467,0,1.8,1.7,2.6
468,P468,0,1.1,1.2,1.9
469,P469,0,1.5,1.4,2.3
470,P470,0,1.9,2.0,2.7
471,P471,1,3.7,3.9,5.4
472,P472,1,4.2,4.4,5.9
473,P473,1,3.4,3.6,5.1
474,P474,1,4.5,4.7,6.2
475,P475,1,3.5,3.7,5.2
476,P476,0,1.2,1.1,1.8
477,P477,0,1.6,1.5,2.4
478,P478,0,0.8,0.9,1.7
479,P479,0,1.7,1.8,2.5
480,P480,0,2.0,2.1,2.8
481,P481,1,3.6,3.8,5.3
482,P482,1,4.1,4.3,5.8
483,P483,1,3.8,4.0,5.5
484,P484,1,4.6,4.8,6.3
485,P485,1,3.3,3.5,5.0
486,P486,0,1.3,1.2,2.0
487,P487,0,1.7,1.6,2.5
488,P488,0,0.9,1.0,1.8
489,P489,0,1.4,1.3,2.1
490,P490,0,2.1,2.2,2.9
491,P491,1,3.9,4.1,5.6
492,P492,1,4.4,4.6,6.1
493,P493,1,3.6,3.8,5.3
494,P494,1,4.3,4.5,5.9
495,P495,1,3.8,4.0,5.5
496,P496,0,1.5,1.4,2.2
497,P497,0,1.9,1.8,2.6
498,P498,0,1.0,1.1,1.8
499,P499,0,1.6,1.5,2.4
500,P500,0,2.2,2.3,3.0
501,P501,1,3.7,3.9,5.4
502,P502,1,4.2,4.4,5.9
503,P503,1,3.4,3.6,5.1
504,P504,1,4.5,4.7,6.2
505,P505,1,3.5,3.7,5.2
506,P506,0,1.4,1.3,2.1
507,P507,0,1.8,1.7,2.6
508,P508,0,1.1,1.2,1.9
509,P509,0,1.5,1.4,2.2
510,P510,0,2.0,2.1,2.8
511,P511,1,3.8,4.0,5.5
512,P512,1,4.3,4.5,6.0
513,P513,1,3.5,3.7,5.2
514,P514,1,4.4,4.6,6.1
515,P515,1,3.6,3.8,5.3
516,P516,0,1.3,1.1,1.9
517,P517,0,1.7,1.6,2.5
518,P518,0,0.9,1.0,1.7
519,P519,0,1.6,1.4,2.3
520,P520,0,2.1,2.2,2.9
521,P521,1,3.9,4.1,5.6
522,P522,1,4.4,4.6,6.1
523,P523,1,3.6,3.8,5.3
524,P524,1,4.3,4.5,5.9
525,P525,1,3.8,4.0,5.5
526,P526,0,1.4,1.3,2.2
527,P527,0,1.8,1.7,2.6
528,P528,0,1.1,1.2,1.9
529,P529,0,1.5,1.4,2.3
530,P530,0,1.9,2.0,2.7
531,P531,1,3.7,3.9,5.4
532,P532,1,4.2,4.4,5.9
533,P533,1,3.4,3.6,5.1
534,P534,1,4.5,4.7,6.2
535,P535,1,3.5,3.7,5.2
536,P536,0,1.2,1.1,1.8
537,P537,0,1.6,1.5,2.4
538,P538,0,0.8,0.9,1.7
539,P539,0,1.7,1.8,2.5
540,P540,0,2.0,2.1,2.8
