id,name,calories,protein,carbs,fats,category,glycemic_index,pcos_friendly,cuisine,created_at,sinhala_name,tamil_name,gi_published_value,gi_source,gi_match_type,reviewer_note
1,White Rice,206,4.3,45,0.4,carbs,high,0,Sri Lankan,Wed Jun 10 2026 01:07:59 GMT+0530 (India Standard Time),සුදු බත්,வெள்ளை சாதம்,,,,
2,Red Rice,216,5,45,1.6,carbs,medium,1,Sri Lankan,Wed Jun 10 2026 01:07:59 GMT+0530 (India Standard Time),රතු බත්,சிவப்பு அரிசி சாதம்,,,,
3,String Hoppers,180,4,38,0.5,carbs,medium,1,Sri Lankan,Wed Jun 10 2026 01:07:59 GMT+0530 (India Standard Time),ඉඳි ආප්ප,இடியாப்பம்,,,,
4,Roti,150,4,30,2,carbs,medium,1,Sri Lankan,Wed Jun 10 2026 01:07:59 GMT+0530 (India Standard Time),රොටී,ரொட்டி,,,,
5,Pittu,170,4.5,35,1,carbs,medium,1,Sri Lankan,Wed Jun 10 2026 01:07:59 GMT+0530 (India Standard Time),පිට්ටු,புட்டு,,,,
6,Kurakkan Roti,140,5,28,2,carbs,low,1,Sri Lankan,Wed Jun 10 2026 01:07:59 GMT+0530 (India Standard Time),කුරක්කන් රොටී,கேழ்வரகு ரொட்டி,,,,
7,Oats,150,5,27,3,carbs,low,1,Sri Lankan,Wed Jun 10 2026 01:07:59 GMT+0530 (India Standard Time),ඕට්ස්,ஓட்ஸ்,,,,
8,Brown Bread,120,4,22,1.5,carbs,medium,1,Sri Lankan,Wed Jun 10 2026 01:07:59 GMT+0530 (India Standard Time),දුඹුරු පාන්,பிரவுன் பிரெட்,,,,
9,Dhal Curry,220,12,35,3,protein,low,1,Sri Lankan,Wed Jun 10 2026 01:07:59 GMT+0530 (India Standard Time),පරිප්පු,பருப்பு கறி,,,,
10,Boiled Eggs,78,6,0.6,5,protein,low,1,Sri Lankan,Wed Jun 10 2026 01:07:59 GMT+0530 (India Standard Time),තම්බපු බිත්තර,வேக வைத்த முட்டை,,,,
11,Chicken Curry,280,25,5,15,protein,low,1,Sri Lankan,Wed Jun 10 2026 01:07:59 GMT+0530 (India Standard Time),කුකුල් මස් කරි,கோழி கறி,,,,
12,Fish Curry,250,22,3,14,protein,low,1,Sri Lankan,Wed Jun 10 2026 01:07:59 GMT+0530 (India Standard Time),මාළු කරි,மீன் கறி,,,,
13,Groundnuts,160,7,6,14,protein,low,1,Sri Lankan,Wed Jun 10 2026 01:07:59 GMT+0530 (India Standard Time),රටකජු,நிலக்கடலை,,,,
14,Tempe Curry,190,15,10,8,protein,low,1,Sri Lankan,Wed Jun 10 2026 01:07:59 GMT+0530 (India Standard Time),ටෙම්පේ කරි,டெம்பே கறி,,,,
15,Chickpea Curry,200,10,30,4,protein,low,1,Sri Lankan,Wed Jun 10 2026 01:07:59 GMT+0530 (India Standard Time),කඩල කරි,கொண்டைக்கடலை கறி,,,,
16,Tuna Curry,180,25,2,8,protein,low,1,Sri Lankan,Wed Jun 10 2026 01:07:59 GMT+0530 (India Standard Time),කෙළවල්ලා කරි,சூரை மீன் கறி,,,,
17,Prawn Curry,200,20,5,10,protein,low,1,Sri Lankan,Wed Jun 10 2026 01:07:59 GMT+0530 (India Standard Time),ඉස්සො කරි,இறால் கறி,,,,
18,Soya Curry,170,14,12,6,protein,low,1,Sri Lankan,Wed Jun 10 2026 01:07:59 GMT+0530 (India Standard Time),සෝයා කරි,சோயா கறி,,,,
19,Gotukola Sambol,45,2,8,0.5,vegetable,low,1,Sri Lankan,Wed Jun 10 2026 01:07:59 GMT+0530 (India Standard Time),ගොටුකොළ සම්බෝල,வல்லாரை சம்பல்,,,,
20,Spinach Curry,60,3,9,1,vegetable,low,1,Sri Lankan,Wed Jun 10 2026 01:07:59 GMT+0530 (India Standard Time),නිවිති කරි,கீரை கறி,,,,
21,Pumpkin Curry,80,2,15,1,vegetable,low,1,Sri Lankan,Wed Jun 10 2026 01:07:59 GMT+0530 (India Standard Time),වට්ටක්කා කරි,பூசணிக்காய் கறி,,,,
22,Beetroot Curry,75,2,14,1,vegetable,low,1,Sri Lankan,Wed Jun 10 2026 01:07:59 GMT+0530 (India Standard Time),බීට්රූට් කරි,பீட்ரூட் கறி,,,,
23,Green Beans,50,2,10,0.3,vegetable,low,1,Sri Lankan,Wed Jun 10 2026 01:07:59 GMT+0530 (India Standard Time),බෝංචි,பீன்ஸ்,,,,
24,Brinjal Curry,70,1.5,12,2,vegetable,low,1,Sri Lankan,Wed Jun 10 2026 01:07:59 GMT+0530 (India Standard Time),වම්බටු කරි,கத்தரிக்காய் கறி,,,,
25,Mukunuwenna,40,3,6,0.5,vegetable,low,1,Sri Lankan,Wed Jun 10 2026 01:07:59 GMT+0530 (India Standard Time),මුකුණුවැන්න,முகுணுவென்ன கீரை,,,,
26,Bitter Gourd,35,2,7,0.2,vegetable,low,1,Sri Lankan,Wed Jun 10 2026 01:07:59 GMT+0530 (India Standard Time),කරවිල,பாகற்காய்,,,,
27,Drumstick Curry,55,2,10,0.5,vegetable,low,1,Sri Lankan,Wed Jun 10 2026 01:07:59 GMT+0530 (India Standard Time),මුරුංගා කරි,முருங்கைக்காய் கறி,,,,
28,Karawila Sambol,40,1.5,8,0.3,vegetable,low,1,Sri Lankan,Wed Jun 10 2026 01:07:59 GMT+0530 (India Standard Time),කරවිල සම්බෝල,பாகற்காய் சம்பல்,,,,
29,Leeks Stir Fry,45,2,9,0.4,vegetable,low,1,Sri Lankan,Wed Jun 10 2026 01:07:59 GMT+0530 (India Standard Time),ලීක්ස් තෙම්පරාදු,லீக்ஸ் வறுவல்,,,,
30,Carrot Curry,60,1,12,0.5,vegetable,low,1,Sri Lankan,Wed Jun 10 2026 01:07:59 GMT+0530 (India Standard Time),කැරට් කරි,கேரட் கறி,,,,
31,Banana,89,1.1,23,0.3,fruit,medium,1,Sri Lankan,Wed Jun 10 2026 01:07:59 GMT+0530 (India Standard Time),කේසෙල්,வாழைப்பழம்,,,,
32,Papaya,55,0.6,14,0.4,fruit,low,1,Sri Lankan,Wed Jun 10 2026 01:07:59 GMT+0530 (India Standard Time),පැපොල්,பப்பாளி,,,,
33,Mango,99,1.4,25,0.6,fruit,medium,0,Sri Lankan,Wed Jun 10 2026 01:07:59 GMT+0530 (India Standard Time),අඹ,மாம்பழம்,,,,
34,Wood Apple,134,7,18,3.7,fruit,low,1,Sri Lankan,Wed Jun 10 2026 01:07:59 GMT+0530 (India Standard Time),දිවුල්,விளாம்பழம்,,,,
35,Avocado,160,2,9,15,fruit,low,1,Sri Lankan,Wed Jun 10 2026 01:07:59 GMT+0530 (India Standard Time),අලිගැටපේර,வெண்ணெய் பழம்,,,,
36,Guava,68,2.6,14,1,fruit,low,1,Sri Lankan,Wed Jun 10 2026 01:07:59 GMT+0530 (India Standard Time),පේර,கொய்யாப்பழம்,,,,
37,Pomegranate,83,1.7,19,1.2,fruit,low,1,Sri Lankan,Wed Jun 10 2026 01:07:59 GMT+0530 (India Standard Time),දෙළුම්,மாதுளம்பழம்,,,,
38,Pineapple,82,0.9,22,0.2,fruit,medium,1,Sri Lankan,Wed Jun 10 2026 01:07:59 GMT+0530 (India Standard Time),අන්නාසි,அன்னாசிப்பழம்,,,,
39,Coconut Water,46,1.7,9,0.5,drink,low,1,Sri Lankan,Wed Jun 10 2026 01:07:59 GMT+0530 (India Standard Time),කුරුම්බා වතුර,இளநீர்,,,,
40,Ginger Tea,5,0,1,0,drink,low,1,Sri Lankan,Wed Jun 10 2026 01:07:59 GMT+0530 (India Standard Time),ඉඟුරු තේ,இஞ்சி தேநீர்,,,,
41,Herbal Tea,3,0,0.5,0,drink,low,1,Sri Lankan,Wed Jun 10 2026 01:07:59 GMT+0530 (India Standard Time),බෙහෙත් තේ,மூலிகை தேநீர்,,,,
42,Turmeric Milk,80,4,8,3,drink,low,1,Sri Lankan,Wed Jun 10 2026 01:07:59 GMT+0530 (India Standard Time),කහ කිරි,மஞ்சள் பால்,,,,
43,Cinnamon Tea,4,0,1,0,drink,low,1,Sri Lankan,Wed Jun 10 2026 01:07:59 GMT+0530 (India Standard Time),කුරුඳු තේ,இலவங்கப்பட்டை தேநீர்,,,,
44,Jak Fruit Juice,95,1.5,24,0.3,drink,medium,1,Sri Lankan,Wed Jun 10 2026 01:07:59 GMT+0530 (India Standard Time),කොස් යුෂ,பலா சாறு,,,,
45,Dark Chocolate,170,2,18,12,snack,low,1,Sri Lankan,Wed Jun 10 2026 01:07:59 GMT+0530 (India Standard Time),තද චොකලට්,கருப்பு சாக்லேட்,,,,
46,Almonds,164,6,6,14,snack,low,1,Sri Lankan,Wed Jun 10 2026 01:07:59 GMT+0530 (India Standard Time),ආමන්ඩ්,பாதாம்,,,,
47,Coconut Sambol,120,1,5,11,snack,low,1,Sri Lankan,Wed Jun 10 2026 01:07:59 GMT+0530 (India Standard Time),පොල් සම්බෝල,தேங்காய் சம்பல்,,,,
48,Walnuts,185,4,4,18,snack,low,1,Sri Lankan,Wed Jun 10 2026 01:07:59 GMT+0530 (India Standard Time),වෝල්නට්,அக்ரூட் பருப்பு,,,,
49,Flaxseeds,55,2,3,4,snack,low,1,Sri Lankan,Wed Jun 10 2026 01:07:59 GMT+0530 (India Standard Time),ෆ්ලැක්ස් බීජ,ஆளி விதை,,,,
50,Pumpkin Seeds,180,9,3,16,snack,low,1,Sri Lankan,Wed Jun 10 2026 01:07:59 GMT+0530 (India Standard Time),වට්ටක්කා ඇට,பூசணி விதை,,,,
51,Kola Kenda,80,3,15,1,traditional,low,1,Sri Lankan,Wed Jun 10 2026 01:07:59 GMT+0530 (India Standard Time),කොළ කැඳ,கீரை கஞ்சி,,,,
52,Kiribath,200,4,40,5,traditional,medium,0,Sri Lankan,Wed Jun 10 2026 01:07:59 GMT+0530 (India Standard Time),කිරිබත්,பால் சாதம்,,,,
53,Pol Sambol,110,1,4,10,traditional,low,1,Sri Lankan,Wed Jun 10 2026 01:07:59 GMT+0530 (India Standard Time),පොල් සම්බෝල,தேங்காய் சம்பல்,,,,
54,Jak Fruit Curry,150,3,25,5,traditional,medium,1,Sri Lankan,Wed Jun 10 2026 01:07:59 GMT+0530 (India Standard Time),කොස් කරි,பலாக்காய் கறி,,,,
55,Breadfruit Curry,130,2,28,2,traditional,medium,1,Sri Lankan,Wed Jun 10 2026 01:07:59 GMT+0530 (India Standard Time),දෙල් කරි,ஈரப்பலா கறி,,,,
56,Banana Flower Curry,60,2,12,1,traditional,low,1,Sri Lankan,Wed Jun 10 2026 01:07:59 GMT+0530 (India Standard Time),කේසෙල් මුව කරි,வாழைப்பூ கறி,,,,
57,Manioc Curry,160,1.5,35,2,traditional,high,0,Sri Lankan,Wed Jun 10 2026 01:07:59 GMT+0530 (India Standard Time),මඤ්ඤොක්කා කරි,மரவள்ளிக்கிழங்கு கறி,,,,
58,Sweet Potato,130,2,30,0.1,traditional,medium,1,Sri Lankan,Wed Jun 10 2026 01:07:59 GMT+0530 (India Standard Time),බතල,சர்க்கரைவள்ளி கிழங்கு,,,,
59,Ash Plantain Curry,110,1.5,25,1,traditional,medium,1,Sri Lankan,Wed Jun 10 2026 01:07:59 GMT+0530 (India Standard Time),අල කෙසෙල් කරි,வாழைக்காய் கறி,,,,
60,Lunu Miris,30,1,5,0.5,traditional,low,1,Sri Lankan,Wed Jun 10 2026 01:07:59 GMT+0530 (India Standard Time),ලුණු මිරිස්,உப்பு மிளகாய்,,,,
61,Spinach Raw,23,2.9,3.6,0.4,vegetable,low,1,Sri Lankan,Wed Jun 10 2026 01:07:59 GMT+0530 (India Standard Time),අමු නිවිති,பச்சை கீரை,,,,
62,Bitter Gourd Raw,17,1,3.7,0.2,vegetable,low,1,Sri Lankan,Wed Jun 10 2026 01:07:59 GMT+0530 (India Standard Time),අමු කරවිල,பச்சை பாகற்காய்,,,,
63,Sweet Potato Leaves,42,2.5,8.8,0.5,vegetable,low,1,Sri Lankan,Wed Jun 10 2026 01:07:59 GMT+0530 (India Standard Time),බතල කොළ,சர்க்கரைவள்ளி இலை,,,,
64,Drumstick Leaves,64,9.4,8.3,1.4,vegetable,low,1,Sri Lankan,Wed Jun 10 2026 01:07:59 GMT+0530 (India Standard Time),මුරුංගා කොළ,முருங்கை இலை,,,,
65,Lentils Sprouted,106,9,22.1,0.6,protein,low,1,Sri Lankan,Wed Jun 10 2026 01:07:59 GMT+0530 (India Standard Time),පැළ කළ පරිප්පු,முளைக்கட்டிய பருப்பு,,,,
66,Tuna Raw,109,24.4,0,0.5,protein,low,1,Sri Lankan,Wed Jun 10 2026 01:07:59 GMT+0530 (India Standard Time),අමු කෙළවල්ලා,பச்சை சூரை மீன்,,,,
67,Salmon Raw,146,21.6,0,5.9,protein,low,1,Sri Lankan,Wed Jun 10 2026 01:07:59 GMT+0530 (India Standard Time),සැමන්,சால்மன் மீன்,,,,
68,Ginger Root,80,1.8,17.8,0.8,traditional,low,1,Sri Lankan,Wed Jun 10 2026 01:07:59 GMT+0530 (India Standard Time),ඉඟුරු,இஞ்சி,,,,
69,Coconut Water Fresh,19,0.7,3.7,0.2,drink,low,1,Sri Lankan,Wed Jun 10 2026 01:07:59 GMT+0530 (India Standard Time),අලුත් කුරුම්බා වතුර,புதிய இளநீர்,,,,
70,Oat Bran,40,3.2,11.4,0.9,carbs,low,1,Sri Lankan,Wed Jun 10 2026 01:07:59 GMT+0530 (India Standard Time),ඕට් නිවුඩ්ඩ,ஓட் தவிடு,,,,
71,Pomegranate Raw,83,1.7,18.7,1.2,fruit,low,1,Sri Lankan,Wed Jun 10 2026 01:07:59 GMT+0530 (India Standard Time),අමු දෙළුම්,பச்சை மாதுளை,,,,
72,Papaya Raw,43,0.5,10.8,0.3,fruit,low,1,Sri Lankan,Wed Jun 10 2026 01:07:59 GMT+0530 (India Standard Time),අමු පැපොල්,பச்சை பப்பாளி,,,,
73,Avocado Raw,167,2,8.6,15.4,fruit,low,1,Sri Lankan,Wed Jun 10 2026 01:07:59 GMT+0530 (India Standard Time),අමු අලිගැටපේර,பச்சை வெண்ணெய் பழம்,,,,
74,Guava Raw,68,2.6,14.3,1,fruit,low,1,Sri Lankan,Wed Jun 10 2026 01:07:59 GMT+0530 (India Standard Time),අමු පේර,பச்சை கொய்யா,,,,
75,Kohila Curry,55,2,10,1,vegetable,low,1,Sri Lankan,Wed Jun 10 2026 01:07:59 GMT+0530 (India Standard Time),කොහිල කරි,கோஹிலா கறி,,,,
76,Tempe Stir Fry,185,16,9,9,protein,low,1,Sri Lankan,Wed Jun 10 2026 01:07:59 GMT+0530 (India Standard Time),ටෙම්පේ තෙම්පරාදු,டெம்பே வறுவல்,,,,
77,Mung Bean Curry,190,13,28,2,protein,low,1,Sri Lankan,Wed Jun 10 2026 01:07:59 GMT+0530 (India Standard Time),මුං ඇට කරි,பாசிப்பயறு கறி,,,,
78,Moringa Tea,5,0.3,0.8,0,drink,low,1,Sri Lankan,Wed Jun 10 2026 01:07:59 GMT+0530 (India Standard Time),මුරුංගා තේ,முருங்கை தேநீர்,,,,
79,Cashew Curry,245,8,18,17,protein,low,1,Sri Lankan,Wed Jun 10 2026 01:07:59 GMT+0530 (India Standard Time),කජු කරි,முந்திரி கறி,,,,
80,Jackfruit Seeds Curry,130,5,22,3,traditional,medium,1,Sri Lankan,Wed Jun 10 2026 01:07:59 GMT+0530 (India Standard Time),කොස් ඇට කරි,பலா விதை கறி,,,,
81,Lotus Root Curry,74,2,17,0.1,vegetable,low,1,Sri Lankan,Wed Jun 10 2026 01:07:59 GMT+0530 (India Standard Time),නෙළුම් අල කරි,தாமரை கிழங்கு கறி,,,,
82,Winged Beans,49,7,5,1,vegetable,low,1,Sri Lankan,Wed Jun 10 2026 01:07:59 GMT+0530 (India Standard Time),දඹලා,சிறகு பயறு,,,,
83,Finger Millet Porridge,145,5,30,1.5,carbs,low,1,Sri Lankan,Wed Jun 10 2026 01:07:59 GMT+0530 (India Standard Time),කුරක්කන් කැඳ,கேழ்வரகு கஞ்சி,,,,
